[{"model": "contenttypes.contenttype", "pk": 1, "fields": {"app_label": "admin", "model": "logentry"}}, {"model": "contenttypes.contenttype", "pk": 2, "fields": {"app_label": "auth", "model": "permission"}}, {"model": "contenttypes.contenttype", "pk": 3, "fields": {"app_label": "auth", "model": "group"}}, {"model": "contenttypes.contenttype", "pk": 4, "fields": {"app_label": "auth", "model": "user"}}, {"model": "contenttypes.contenttype", "pk": 5, "fields": {"app_label": "contenttypes", "model": "contenttype"}}, {"model": "contenttypes.contenttype", "pk": 6, "fields": {"app_label": "sessions", "model": "session"}}, {"model": "contenttypes.contenttype", "pk": 7, "fields": {"app_label": "main", "model": "book"}}, {"model": "contenttypes.contenttype", "pk": 8, "fields": {"app_label": "main", "model": "userprofile"}}, {"model": "contenttypes.contenttype", "pk": 9, "fields": {"app_label": "sites", "model": "site"}}, {"model": "sessions.session", "pk": "lj9p6g2n2y0x8z4q4d0x15ll27i1vccb", "fields": {"session_data": "OWVkYjdjN2YxYzI4NmNmMDg1M2E2NjE1ZDhhNDZlMGNhNzFhZDk4NTp7Il9hdXRoX3VzZXJfaWQiOiI2IiwiX2F1dGhfdXNlcl9iYWNrZW5kIjoiZGphbmdvLmNvbnRyaWIuYXV0aC5iYWNrZW5kcy5Nb2RlbEJhY2tlbmQiLCJfYXV0aF91c2VyX2hhc2giOiJmMzhmYTJlODg2NGM4OTQwOGNjNGI1NzcwNjM0N2E2ZGYzYTU4Y2M3In0=", "expire_date": "2019-07-10T08:32:13.593Z"}}, {"model": "sessions.session", "pk": "wwium8ico5hc2lx160t1dq47xpbyd763", "fields": {"session_data": "OWVkYjdjN2YxYzI4NmNmMDg1M2E2NjE1ZDhhNDZlMGNhNzFhZDk4NTp7Il9hdXRoX3VzZXJfaWQiOiI2IiwiX2F1dGhfdXNlcl9iYWNrZW5kIjoiZGphbmdvLmNvbnRyaWIuYXV0aC5iYWNrZW5kcy5Nb2RlbEJhY2tlbmQiLCJfYXV0aF91c2VyX2hhc2giOiJmMzhmYTJlODg2NGM4OTQwOGNjNGI1NzcwNjM0N2E2ZGYzYTU4Y2M3In0=", "expire_date": "2019-07-09T06:00:41.489Z"}}, {"model": "sites.site", "pk": 1, "fields": {"domain": "example.com", "name": "example.com"}}, {"model": "auth.permission", "pk": 1, "fields": {"name": "Can add log entry", "content_type": 1, "codename": "add_logentry"}}, {"model": "auth.permission", "pk": 2, "fields": {"name": "Can change log entry", "content_type": 1, "codename": "change_logentry"}}, {"model": "auth.permission", "pk": 3, "fields": {"name": "Can delete log entry", "content_type": 1, "codename": "delete_logentry"}}, {"model": "auth.permission", "pk": 4, "fields": {"name": "Can view log entry", "content_type": 1, "codename": "view_logentry"}}, {"model": "auth.permission", "pk": 5, "fields": {"name": "Can add permission", "content_type": 2, "codename": "add_permission"}}, {"model": "auth.permission", "pk": 6, "fields": {"name": "Can change permission", "content_type": 2, "codename": "change_permission"}}, {"model": "auth.permission", "pk": 7, "fields": {"name": "Can delete permission", "content_type": 2, "codename": "delete_permission"}}, {"model": "auth.permission", "pk": 8, "fields": {"name": "Can view permission", "content_type": 2, "codename": "view_permission"}}, {"model": "auth.permission", "pk": 9, "fields": {"name": "Can add group", "content_type": 3, "codename": "add_group"}}, {"model": "auth.permission", "pk": 10, "fields": {"name": "Can change group", "content_type": 3, "codename": "change_group"}}, {"model": "auth.permission", "pk": 11, "fields": {"name": "Can delete group", "content_type": 3, "codename": "delete_group"}}, {"model": "auth.permission", "pk": 12, "fields": {"name": "Can view group", "content_type": 3, "codename": "view_group"}}, {"model": "auth.permission", "pk": 13, "fields": {"name": "Can add user", "content_type": 4, "codename": "add_user"}}, {"model": "auth.permission", "pk": 14, "fields": {"name": "Can change user", "content_type": 4, "codename": "change_user"}}, {"model": "auth.permission", "pk": 15, "fields": {"name": "Can delete user", "content_type": 4, "codename": "delete_user"}}, {"model": "auth.permission", "pk": 16, "fields": {"name": "Can view user", "content_type": 4, "codename": "view_user"}}, {"model": "auth.permission", "pk": 17, "fields": {"name": "Can add content type", "content_type": 5, "codename": "add_contenttype"}}, {"model": "auth.permission", "pk": 18, "fields": {"name": "Can change content type", "content_type": 5, "codename": "change_contenttype"}}, {"model": "auth.permission", "pk": 19, "fields": {"name": "Can delete content type", "content_type": 5, "codename": "delete_contenttype"}}, {"model": "auth.permission", "pk": 20, "fields": {"name": "Can view content type", "content_type": 5, "codename": "view_contenttype"}}, {"model": "auth.permission", "pk": 21, "fields": {"name": "Can add session", "content_type": 6, "codename": "add_session"}}, {"model": "auth.permission", "pk": 22, "fields": {"name": "Can change session", "content_type": 6, "codename": "change_session"}}, {"model": "auth.permission", "pk": 23, "fields": {"name": "Can delete session", "content_type": 6, "codename": "delete_session"}}, {"model": "auth.permission", "pk": 24, "fields": {"name": "Can view session", "content_type": 6, "codename": "view_session"}}, {"model": "auth.permission", "pk": 25, "fields": {"name": "Can add book", "content_type": 7, "codename": "add_book"}}, {"model": "auth.permission", "pk": 26, "fields": {"name": "Can change book", "content_type": 7, "codename": "change_book"}}, {"model": "auth.permission", "pk": 27, "fields": {"name": "Can delete book", "content_type": 7, "codename": "delete_book"}}, {"model": "auth.permission", "pk": 28, "fields": {"name": "Can view book", "content_type": 7, "codename": "view_book"}}, {"model": "auth.permission", "pk": 29, "fields": {"name": "Can add user", "content_type": 8, "codename": "add_userprofile"}}, {"model": "auth.permission", "pk": 30, "fields": {"name": "Can change user", "content_type": 8, "codename": "change_userprofile"}}, {"model": "auth.permission", "pk": 31, "fields": {"name": "Can delete user", "content_type": 8, "codename": "delete_userprofile"}}, {"model": "auth.permission", "pk": 32, "fields": {"name": "Can view user", "content_type": 8, "codename": "view_userprofile"}}, {"model": "auth.permission", "pk": 33, "fields": {"name": "Can add site", "content_type": 9, "codename": "add_site"}}, {"model": "auth.permission", "pk": 34, "fields": {"name": "Can change site", "content_type": 9, "codename": "change_site"}}, {"model": "auth.permission", "pk": 35, "fields": {"name": "Can delete site", "content_type": 9, "codename": "delete_site"}}, {"model": "auth.permission", "pk": 36, "fields": {"name": "Can view site", "content_type": 9, "codename": "view_site"}}, {"model": "auth.user", "pk": 1, "fields": {"password": "rb,thnhjy2001", "last_login": null, "is_superuser": false, "username": "Vlad", "first_name": "Vladislav", "last_name": "Masyk", "email": "", "is_staff": false, "is_active": true, "date_joined": "2019-06-21T05:28:48.626Z", "groups": [], "user_permissions": []}}, {"model": "auth.user", "pk": 6, "fields": {"password": "pbkdf2_sha256$150000$gYcspXzC9YLW$5scD79dhbozRV7KRxVOm+xZeIlYj6qQ/F5PyBn1oSgc=", "last_login": "2019-06-26T08:32:13.590Z", "is_superuser": true, "username": "Masya", "first_name": "", "last_name": "", "email": "vlad3052001@gmail.com", "is_staff": true, "is_active": true, "date_joined": "2019-06-25T06:00:23.848Z", "groups": [], "user_permissions": []}}, {"model": "auth.user", "pk": 109, "fields": {"password": "pbkdf2_sha256$150000$6uvvnW8EkPSe$PlQjDyI6V5lO7j4DFA8zAF0b5T9i0tuqsXQ4ZkPTabM=", "last_login": null, "is_superuser": false, "username": "JaredTorres", "first_name": "Jared", "last_name": "Torres", "email": "", "is_staff": false, "is_active": true, "date_joined": "2019-06-27T06:17:38.384Z", "groups": [], "user_permissions": []}}, {"model": "auth.user", "pk": 110, "fields": {"password": "pbkdf2_sha256$150000$jFLZedHzmplV$z3EJS5Y4l3XcFrSIw7YMGMgSCe/B5rcflHNA3wo/kH4=", "last_login": null, "is_superuser": false, "username": "TinaGarza", "first_name": "Tina", "last_name": "Garza", "email": "", "is_staff": false, "is_active": true, "date_joined": "2019-06-27T06:17:38.476Z", "groups": [], "user_permissions": []}}, {"model": "auth.user", "pk": 111, "fields": {"password": "pbkdf2_sha256$150000$M9LbN67sKmtE$hG1PL7+6e00+BelhTUjlCsLGoVKOmlvYyn5r7I7Tda4=", "last_login": null, "is_superuser": false, "username": "TaraWaters", "first_name": "Tara", "last_name": "Waters", "email": "", "is_staff": false, "is_active": true, "date_joined": "2019-06-27T06:17:38.562Z", "groups": [], "user_permissions": []}}, {"model": "auth.user", "pk": 112, "fields": {"password": "pbkdf2_sha256$150000$6nHqQNynmwFM$x2g2feOgZU3r+CQQ3I+Cfz37OyIZIUuq/2Bl+tabVdI=", "last_login": null, "is_superuser": false, "username": "StacyNichols", "first_name": "Stacy", "last_name": "Nichols", "email": "", "is_staff": false, "is_active": true, "date_joined": "2019-06-27T06:17:38.647Z", "groups": [], "user_permissions": []}}, {"model": "auth.user", "pk": 113, "fields": {"password": "pbkdf2_sha256$150000$V8ubYW7COBNd$4V1tsyS34PXIqWV7uDzJlFzWokxMXMJFIaS7RIgovE4=", "last_login": null, "is_superuser": false, "username": "KennethJohnson", "first_name": "Kenneth", "last_name": "Johnson", "email": "", "is_staff": false, "is_active": true, "date_joined": "2019-06-27T06:17:38.732Z", "groups": [], "user_permissions": []}}, {"model": "auth.user", "pk": 114, "fields": {"password": "pbkdf2_sha256$150000$Wt8ceIBR7wFe$zdGsE1zmB/oWtbcxANIwDVDak/hph59aVmxwh6mcvBY=", "last_login": null, "is_superuser": false, "username": "BrianaCarr", "first_name": "Briana", "last_name": "Carr", "email": "", "is_staff": false, "is_active": true, "date_joined": "2019-06-27T06:17:38.816Z", "groups": [], "user_permissions": []}}, {"model": "auth.user", "pk": 115, "fields": {"password": "pbkdf2_sha256$150000$zjKLnR3AOWC2$okDwWrRIwQB29LMfe/ZjbDtrbqbHoOPNKdAZUmedlQs=", "last_login": null, "is_superuser": false, "username": "JulieJones", "first_name": "Julie", "last_name": "Jones", "email": "", "is_staff": false, "is_active": true, "date_joined": "2019-06-27T06:17:38.902Z", "groups": [], "user_permissions": []}}, {"model": "auth.user", "pk": 116, "fields": {"password": "pbkdf2_sha256$150000$BaHqze9eomgT$NYP5L+y/UcOV0neGG5j2zCRY2ZI4FsNHqKLVtznHA24=", "last_login": null, "is_superuser": false, "username": "AlexanderDrake", "first_name": "Alexander", "last_name": "Drake", "email": "", "is_staff": false, "is_active": true, "date_joined": "2019-06-27T06:17:38.999Z", "groups": [], "user_permissions": []}}, {"model": "auth.user", "pk": 117, "fields": {"password": "pbkdf2_sha256$150000$Y0R6CynSkLqU$tbSb8LLkfDyYc3tAYpgjyQknV3CykUStKkcGm83shD0=", "last_login": null, "is_superuser": false, "username": "MichaelPeterson", "first_name": "Michael", "last_name": "Peterson", "email": "", "is_staff": false, "is_active": true, "date_joined": "2019-06-27T06:17:39.083Z", "groups": [], "user_permissions": []}}, {"model": "auth.user", "pk": 118, "fields": {"password": "pbkdf2_sha256$150000$erUuHxcidMIC$lX78NTdKg6TiqOnTzYQALw74Xl6rxNl0G46cil68Fxw=", "last_login": null, "is_superuser": false, "username": "LisaWoods", "first_name": "Lisa", "last_name": "Woods", "email": "", "is_staff": false, "is_active": true, "date_joined": "2019-06-27T06:17:39.168Z", "groups": [], "user_permissions": []}}, {"model": "auth.user", "pk": 119, "fields": {"password": "pbkdf2_sha256$150000$kYoTavIlhf1n$lVOtG/S4yEbhwdayLU96btQtM8yKQRDTwaTILlKDwfE=", "last_login": null, "is_superuser": false, "username": "LaurenCarter", "first_name": "Lauren", "last_name": "Carter", "email": "", "is_staff": false, "is_active": true, "date_joined": "2019-06-27T06:17:39.253Z", "groups": [], "user_permissions": []}}, {"model": "auth.user", "pk": 120, "fields": {"password": "pbkdf2_sha256$150000$JzfGR4xIBFvA$uTAXOXQqDFE7QjM7AryrE+CxfysykCKhR7aDYJHEDms=", "last_login": null, "is_superuser": false, "username": "MichaelJackson", "first_name": "Michael", "last_name": "Jackson", "email": "", "is_staff": false, "is_active": true, "date_joined": "2019-06-27T06:17:39.337Z", "groups": [], "user_permissions": []}}, {"model": "auth.user", "pk": 121, "fields": {"password": "pbkdf2_sha256$150000$5AipOhIk6BFY$oUfJnlz+6d6Coa8aK4D20bqwl4vSNbnxBgCYhMj2RP0=", "last_login": null, "is_superuser": false, "username": "ArthurJackson", "first_name": "Arthur", "last_name": "Jackson", "email": "", "is_staff": false, "is_active": true, "date_joined": "2019-06-27T06:17:39.424Z", "groups": [], "user_permissions": []}}, {"model": "auth.user", "pk": 122, "fields": {"password": "pbkdf2_sha256$150000$jmnc57AEWpTB$hH0Ay8pDsvXix2q4z5U/cjODRE8aQ497GjBiIwHu25s=", "last_login": null, "is_superuser": false, "username": "WilliamDuffy", "first_name": "William", "last_name": "Duffy", "email": "", "is_staff": false, "is_active": true, "date_joined": "2019-06-27T06:17:39.510Z", "groups": [], "user_permissions": []}}, {"model": "auth.user", "pk": 123, "fields": {"password": "pbkdf2_sha256$150000$aJLPQFUTtjfz$7oamcFT6yKtnGquVdkO0XEpJapRU1BZ6Nuh+1IHzjUc=", "last_login": null, "is_superuser": false, "username": "MichaelWilson", "first_name": "Michael", "last_name": "Wilson", "email": "", "is_staff": false, "is_active": true, "date_joined": "2019-06-27T06:17:39.595Z", "groups": [], "user_permissions": []}}, {"model": "auth.user", "pk": 124, "fields": {"password": "pbkdf2_sha256$150000$1QuhT4MnH98v$KqKk+6g0IX5gBxCxc2fGaltZPQ/7aNz15gJfg8XZS1w=", "last_login": null, "is_superuser": false, "username": "JamesBrock", "first_name": "James", "last_name": "Brock", "email": "", "is_staff": false, "is_active": true, "date_joined": "2019-06-27T06:17:39.680Z", "groups": [], "user_permissions": []}}, {"model": "auth.user", "pk": 125, "fields": {"password": "pbkdf2_sha256$150000$GNRf0mnzqJ3Y$5HY3tUB37lBVrARWCWCKVQRZcthfs5LPu0TNZAwkPUY=", "last_login": null, "is_superuser": false, "username": "MichelleValencia", "first_name": "Michelle", "last_name": "Valencia", "email": "", "is_staff": false, "is_active": true, "date_joined": "2019-06-27T06:17:39.765Z", "groups": [], "user_permissions": []}}, {"model": "auth.user", "pk": 126, "fields": {"password": "pbkdf2_sha256$150000$NoSCTPMs3Qde$d9hw34fmNurVdIl4aXiVQ9EDSfM60CaVqZupvv4fWaw=", "last_login": null, "is_superuser": false, "username": "CarlosMartin", "first_name": "Carlos", "last_name": "Martin", "email": "", "is_staff": false, "is_active": true, "date_joined": "2019-06-27T06:17:39.849Z", "groups": [], "user_permissions": []}}, {"model": "auth.user", "pk": 127, "fields": {"password": "pbkdf2_sha256$150000$R54zqqdhEGXv$rEvAslR76T9vkzT3vMmZ5Rqx9FH64BHch7Vw5el5M7U=", "last_login": null, "is_superuser": false, "username": "PatrickJohnson", "first_name": "Patrick", "last_name": "Johnson", "email": "", "is_staff": false, "is_active": true, "date_joined": "2019-06-27T06:17:39.934Z", "groups": [], "user_permissions": []}}, {"model": "auth.user", "pk": 128, "fields": {"password": "pbkdf2_sha256$150000$lmAzL1pRJZPX$uPOKIh6eDcfUvzx1vMWBv8pjhGP3sJZC2sBkzLlFT5I=", "last_login": null, "is_superuser": false, "username": "MelissaMcknight", "first_name": "Melissa", "last_name": "Mcknight", "email": "", "is_staff": false, "is_active": true, "date_joined": "2019-06-27T06:17:40.019Z", "groups": [], "user_permissions": []}}, {"model": "main.book", "pk": 19, "fields": {"name": "Murder Of Freedom", "author": "Stephanie Blake", "user": 117, "price": "247.00", "pages_count": 6, "created_add": "2019-06-27T06:17:40.106Z", "updated_add": "2019-06-27T06:17:40.105Z", "amazon_rating": 3}}, {"model": "main.book", "pk": 20, "fields": {"name": "Wand Of Eternity", "author": "Jose West", "user": 115, "price": "3794.00", "pages_count": 7, "created_add": "2019-06-27T06:17:40.122Z", "updated_add": "2019-06-27T06:17:40.122Z", "amazon_rating": 1}}, {"model": "main.book", "pk": 21, "fields": {"name": "Wand Of Eternity", "author": "Grant Norris", "user": 123, "price": "933.00", "pages_count": 7, "created_add": "2019-06-27T06:17:40.124Z", "updated_add": "2019-06-27T06:17:40.124Z", "amazon_rating": 3}}, {"model": "main.book", "pk": 22, "fields": {"name": "Wand Of Eternity", "author": "Scott Wolf", "user": 119, "price": "8695.00", "pages_count": 6, "created_add": "2019-06-27T06:17:40.126Z", "updated_add": "2019-06-27T06:17:40.126Z", "amazon_rating": 6}}, {"model": "main.book", "pk": 23, "fields": {"name": "Slaves And Enemies", "author": "Kevin Daniel", "user": 122, "price": "333.00", "pages_count": 2, "created_add": "2019-06-27T06:17:40.128Z", "updated_add": "2019-06-27T06:17:40.127Z", "amazon_rating": 7}}, {"model": "main.book", "pk": 24, "fields": {"name": "Wives Without Glory", "author": "Ana Williams", "user": 121, "price": "2608.00", "pages_count": 3, "created_add": "2019-06-27T06:17:40.129Z", "updated_add": "2019-06-27T06:17:40.129Z", "amazon_rating": 4}}, {"model": "main.book", "pk": 25, "fields": {"name": "Guarded By My Home", "author": "Jonathan Sosa", "user": 125, "price": "5389.00", "pages_count": 3, "created_add": "2019-06-27T06:17:40.131Z", "updated_add": "2019-06-27T06:17:40.131Z", "amazon_rating": 8}}, {"model": "main.book", "pk": 26, "fields": {"name": "Meeting At The Future", "author": "Autumn Morris", "user": 113, "price": "4076.00", "pages_count": 2, "created_add": "2019-06-27T06:17:40.133Z", "updated_add": "2019-06-27T06:17:40.133Z", "amazon_rating": 10}}, {"model": "main.book", "pk": 27, "fields": {"name": "Eating At Myself", "author": "Carol Morgan", "user": 114, "price": "619.00", "pages_count": 9, "created_add": "2019-06-27T06:17:40.135Z", "updated_add": "2019-06-27T06:17:40.135Z", "amazon_rating": 10}}, {"model": "main.book", "pk": 28, "fields": {"name": "Blood At The Dark", "author": "Robert Allen", "user": 122, "price": "8380.00", "pages_count": 9, "created_add": "2019-06-27T06:17:40.137Z", "updated_add": "2019-06-27T06:17:40.136Z", "amazon_rating": 2}}, {"model": "main.book", "pk": 29, "fields": {"name": "Owl Of Next Year", "author": "Stacy Johnson", "user": 114, "price": "4166.00", "pages_count": 7, "created_add": "2019-06-27T06:17:40.139Z", "updated_add": "2019-06-27T06:17:40.139Z", "amazon_rating": 1}}, {"model": "main.book", "pk": 30, "fields": {"name": "Meeting At The Future", "author": "Rachel Blake", "user": 119, "price": "8755.00", "pages_count": 1, "created_add": "2019-06-27T06:17:40.141Z", "updated_add": "2019-06-27T06:17:40.141Z", "amazon_rating": 6}}, {"model": "main.book", "pk": 31, "fields": {"name": "Serpents And Mice", "author": "James Sanford", "user": 116, "price": "801.00", "pages_count": 5, "created_add": "2019-06-27T06:17:40.143Z", "updated_add": "2019-06-27T06:17:40.143Z", "amazon_rating": 5}}, {"model": "main.book", "pk": 32, "fields": {"name": "Army Of The North", "author": "Robert Mcclain", "user": 116, "price": "9570.00", "pages_count": 6, "created_add": "2019-06-27T06:17:40.145Z", "updated_add": "2019-06-27T06:17:40.145Z", "amazon_rating": 4}}, {"model": "main.book", "pk": 33, "fields": {"name": "Owl Of Next Year", "author": "Kurt Watts", "user": 112, "price": "9366.00", "pages_count": 9, "created_add": "2019-06-27T06:17:40.147Z", "updated_add": "2019-06-27T06:17:40.147Z", "amazon_rating": 3}}, {"model": "main.book", "pk": 34, "fields": {"name": "Priests Of The Prison", "author": "Karen Mitchell", "user": 112, "price": "7494.00", "pages_count": 6, "created_add": "2019-06-27T06:17:40.149Z", "updated_add": "2019-06-27T06:17:40.149Z", "amazon_rating": 4}}, {"model": "main.book", "pk": 35, "fields": {"name": "Army Of The North", "author": "Randy Wilson", "user": 119, "price": "912.00", "pages_count": 4, "created_add": "2019-06-27T06:17:40.151Z", "updated_add": "2019-06-27T06:17:40.151Z", "amazon_rating": 7}}, {"model": "main.book", "pk": 36, "fields": {"name": "Wand Of Eternity", "author": "Marcus Watts", "user": 116, "price": "2109.00", "pages_count": 4, "created_add": "2019-06-27T06:17:40.152Z", "updated_add": "2019-06-27T06:17:40.152Z", "amazon_rating": 8}}, {"model": "main.book", "pk": 37, "fields": {"name": "Murder Of Freedom", "author": "Mary Reyes", "user": 109, "price": "1684.00", "pages_count": 10, "created_add": "2019-06-27T06:17:40.154Z", "updated_add": "2019-06-27T06:17:40.154Z", "amazon_rating": 4}}, {"model": "main.book", "pk": 38, "fields": {"name": "Blood At The Dark", "author": "Justin Gaines", "user": 122, "price": "6729.00", "pages_count": 5, "created_add": "2019-06-27T06:17:40.156Z", "updated_add": "2019-06-27T06:17:40.156Z", "amazon_rating": 10}}, {"model": "main.userprofile", "pk": 109, "fields": {"image": "https://placekitten.com/548/350", "groups": [], "user_permissions": []}}, {"model": "main.userprofile", "pk": 110, "fields": {"image": "https://placekitten.com/8/432", "groups": [], "user_permissions": []}}, {"model": "main.userprofile", "pk": 111, "fields": {"image": "https://placeimg.com/107/355/any", "groups": [], "user_permissions": []}}, {"model": "main.userprofile", "pk": 112, "fields": {"image": "https://www.lorempixel.com/723/449", "groups": [], "user_permissions": []}}, {"model": "main.userprofile", "pk": 113, "fields": {"image": "https://placekitten.com/354/667", "groups": [], "user_permissions": []}}, {"model": "main.userprofile", "pk": 114, "fields": {"image": "https://www.lorempixel.com/753/893", "groups": [], "user_permissions": []}}, {"model": "main.userprofile", "pk": 115, "fields": {"image": "https://placeimg.com/376/60/any", "groups": [], "user_permissions": []}}, {"model": "main.userprofile", "pk": 116, "fields": {"image": "https://www.lorempixel.com/452/194", "groups": [], "user_permissions": []}}, {"model": "main.userprofile", "pk": 117, "fields": {"image": "https://dummyimage.com/742x760", "groups": [], "user_permissions": []}}, {"model": "main.userprofile", "pk": 118, "fields": {"image": "https://dummyimage.com/170x749", "groups": [], "user_permissions": []}}, {"model": "main.userprofile", "pk": 119, "fields": {"image": "https://placekitten.com/729/304", "groups": [], "user_permissions": []}}, {"model": "main.userprofile", "pk": 120, "fields": {"image": "https://placeimg.com/296/984/any", "groups": [], "user_permissions": []}}, {"model": "main.userprofile", "pk": 121, "fields": {"image": "https://dummyimage.com/794x272", "groups": [], "user_permissions": []}}, {"model": "main.userprofile", "pk": 122, "fields": {"image": "https://placeimg.com/276/491/any", "groups": [], "user_permissions": []}}, {"model": "main.userprofile", "pk": 123, "fields": {"image": "https://www.lorempixel.com/169/209", "groups": [], "user_permissions": []}}, {"model": "main.userprofile", "pk": 124, "fields": {"image": "https://placekitten.com/854/886", "groups": [], "user_permissions": []}}, {"model": "main.userprofile", "pk": 125, "fields": {"image": "https://placeimg.com/121/54/any", "groups": [], "user_permissions": []}}, {"model": "main.userprofile", "pk": 126, "fields": {"image": "https://www.lorempixel.com/761/113", "groups": [], "user_permissions": []}}, {"model": "main.userprofile", "pk": 127, "fields": {"image": "https://www.lorempixel.com/759/903", "groups": [], "user_permissions": []}}, {"model": "main.userprofile", "pk": 128, "fields": {"image": "https://placeimg.com/782/695/any", "groups": [], "user_permissions": []}}, {"model": "admin.logentry", "pk": 1, "fields": {"action_time": "2019-06-25T06:01:26.871Z", "user": 6, "content_type": 8, "object_id": "5", "object_repr": "sdfgfdhdfgh", "action_flag": 2, "change_message": "[{\"changed\": {\"fields\": [\"image\"]}}]"}}, {"model": "admin.logentry", "pk": 2, "fields": {"action_time": "2019-06-25T06:09:06.639Z", "user": 6, "content_type": 8, "object_id": "2", "object_repr": "vlad", "action_flag": 2, "change_message": "[{\"changed\": {\"fields\": [\"image\"]}}]"}}, {"model": "admin.logentry", "pk": 3, "fields": {"action_time": "2019-06-25T06:23:15.752Z", "user": 6, "content_type": 8, "object_id": "11", "object_repr": "sdfggh", "action_flag": 3, "change_message": ""}}, {"model": "admin.logentry", "pk": 4, "fields": {"action_time": "2019-06-25T06:23:15.757Z", "user": 6, "content_type": 8, "object_id": "10", "object_repr": "fdhsdfgdsfgghjkhjkldfh", "action_flag": 3, "change_message": ""}}, {"model": "admin.logentry", "pk": 5, "fields": {"action_time": "2019-06-25T06:23:15.760Z", "user": 6, "content_type": 8, "object_id": "9", "object_repr": "sdfgdsfgghjkhjkldfh", "action_flag": 3, "change_message": ""}}, {"model": "admin.logentry", "pk": 6, "fields": {"action_time": "2019-06-25T06:23:15.763Z", "user": 6, "content_type": 8, "object_id": "8", "object_repr": "sdfgdsfgghjkhjkl", "action_flag": 3, "change_message": ""}}, {"model": "admin.logentry", "pk": 7, "fields": {"action_time": "2019-06-25T06:23:15.765Z", "user": 6, "content_type": 8, "object_id": "7", "object_repr": "sdfgdsfg", "action_flag": 3, "change_message": ""}}, {"model": "admin.logentry", "pk": 8, "fields": {"action_time": "2019-06-25T06:23:15.768Z", "user": 6, "content_type": 8, "object_id": "5", "object_repr": "sdfgfdhdfgh", "action_flag": 3, "change_message": ""}}, {"model": "admin.logentry", "pk": 9, "fields": {"action_time": "2019-06-25T06:23:15.771Z", "user": 6, "content_type": 8, "object_id": "4", "object_repr": "sdfgfdh", "action_flag": 3, "change_message": ""}}, {"model": "admin.logentry", "pk": 10, "fields": {"action_time": "2019-06-25T06:23:15.775Z", "user": 6, "content_type": 8, "object_id": "3", "object_repr": "sdfg", "action_flag": 3, "change_message": ""}}, {"model": "admin.logentry", "pk": 11, "fields": {"action_time": "2019-06-25T06:23:15.778Z", "user": 6, "content_type": 8, "object_id": "2", "object_repr": "vlad", "action_flag": 3, "change_message": ""}}, {"model": "admin.logentry", "pk": 12, "fields": {"action_time": "2019-06-26T08:32:34.717Z", "user": 6, "content_type": 7, "object_id": "13", "object_repr": "Book object (13)", "action_flag": 3, "change_message": ""}}, {"model": "admin.logentry", "pk": 13, "fields": {"action_time": "2019-06-26T08:32:34.725Z", "user": 6, "content_type": 7, "object_id": "12", "object_repr": "Book object (12)", "action_flag": 3, "change_message": ""}}, {"model": "admin.logentry", "pk": 14, "fields": {"action_time": "2019-06-26T08:32:34.728Z", "user": 6, "content_type": 7, "object_id": "1", "object_repr": "Book object (1)", "action_flag": 3, "change_message": ""}}, {"model": "admin.logentry", "pk": 15, "fields": {"action_time": "2019-06-26T09:06:46.473Z", "user": 6, "content_type": 7, "object_id": "15", "object_repr": "Book object (15)", "action_flag": 3, "change_message": ""}}, {"model": "admin.logentry", "pk": 16, "fields": {"action_time": "2019-06-26T09:06:46.476Z", "user": 6, "content_type": 7, "object_id": "14", "object_repr": "Book object (14)", "action_flag": 3, "change_message": ""}}]